name, X1, Y1, X2, Y2, X3, Y3, VX1, VY1, VX2, VY2, VX3, VY3, M1, M2, M3
Lagrange, 1.0, 0.0, -0.5, 0.8660254, -0.5, -0.8660254, 0.0, 0.5773503, -0.5, -0.2886751, 0.5, -0.2886751, 1.0, 1.0, 1.0
Fig8, 0.97000436, -0.24308753, -0.97000436, 0.24308753, 0.0, 0.0, 0.466203685, 0.43236573, 0.466203685, 0.43236573, -0.93240737, -0.86473146, 1.0, 1.0, 1.0
BH, 1.0, 0.0, 0.0, 0.0, -1.0, 0.0, 0.0, 0.52359878, 0.0, 0.0, 0.0, -0.52359878, 1.0, 1.0, 1.0





